"id","firstName","lastName","company","city","country"
1,"Elenora","Wilkinson","Feest - Reilly","Hertaland","Qatar"
2,"Berneice","Feil","Deckow, Leuschke and Jaskolski","Millcreek","Nepal"
3,"Frieda","Baumbach","Heidenreich, Grady and Durgan","Volkmanside","Croatia"
4,"Zachery","Brown","Cormier - Skiles","Faychester","Saint Pierre and Miquelon"
5,"Kendra","Bins","Wehner - Wilderman","New Valentin","Senegal"
6,"Lysanne","Fisher","Schmidt LLC","Malachitown","Costa Rica"
7,"Garrick","Ryan","Ryan - Buckridge","East Pearl","Cocos (Keeling) Islands"
8,"Hollis","Medhurst","Quitzon Group","West Sienna","Papua New Guinea"
9,"Arlo","Buckridge","Konopelski - Spinka","Chino","Congo"
10,"Rickie","Auer","Lehner - Walsh","Nyahfield","Sudan"
11,"Isidro","Larson","Reichert - Paucek","Fort Rosinaside","Belize"
12,"Bettie","Skiles","Zulauf, Flatley and Rolfson","West Feltonchester","Poland"
